{"cameraMode":{"drawMode":0,"name":"Shaded","section":"Shading Mode"},"sceneLighting":true,"audioPlay":false,"sceneViewState":{"m_AlwaysRefresh":false,"showFog":true,"showSkybox":true,"showFlares":true,"showImageEffects":true,"showParticleSystems":true,"showVisualEffectGraphs":true,"m_FxEnabled":true},"in2DMode":false,"pivot":{"x":-0.8324432373046875,"y":1.1338863372802735,"z":1.0447821617126465},"rotation":{"x":-0.08173339813947678,"y":0.8605596423149109,"z":-0.14622406661510468,"w":-0.4810217618942261},"size":6.307395935058594,"orthographic":false}